{"cameraMode":{"drawMode":0,"name":"Shaded","section":"Shading Mode"},"sceneLighting":false,"audioPlay":false,"sceneViewState":{"showFog":false,"showMaterialUpdate":false,"showSkybox":false,"showFlares":false,"showImageEffects":false,"showParticleSystems":false},"in2DMode":false,"pivot":{"x":1675.4520263671875,"y":577.1341552734375,"z":5689.7265625},"rotation":{"x":0.028215952217578889,"y":-0.5749017000198364,"z":0.01984095759689808,"w":0.817501962184906},"size":486.4956970214844,"orthographic":true}