{"cameraMode":{"drawMode":0,"name":"Shaded","section":"Shading Mode"},"sceneLighting":true,"audioPlay":false,"sceneViewState":{"showFog":false,"showMaterialUpdate":false,"showSkybox":true,"showFlares":false,"showImageEffects":false,"showParticleSystems":false},"in2DMode":false,"pivot":{"x":-3.1594855785369875,"y":99.38543701171875,"z":-0.09872613847255707},"rotation":{"x":0.05364803597331047,"y":0.026057608425617219,"z":0.0014030574820935727,"w":-0.9982425570487976},"size":4.330127239227295,"orthographic":false}