{"cameraMode":{"drawMode":0,"name":"Shaded","section":"Shading Mode"},"sceneLighting":false,"audioPlay":false,"sceneViewState":{"showFog":false,"showMaterialUpdate":false,"showSkybox":false,"showFlares":false,"showImageEffects":false,"showParticleSystems":false},"in2DMode":false,"pivot":{"x":52.360694885253909,"y":575.1292114257813,"z":797.1905517578125},"rotation":{"x":0.09081686288118363,"y":-0.10971492528915405,"z":0.010068933479487896,"w":0.9897635579109192},"size":539.95458984375,"orthographic":true}