{"cameraMode":{"drawMode":0,"name":"Shaded","section":"Shading Mode"},"sceneLighting":true,"audioPlay":false,"sceneViewState":{"showFog":false,"showMaterialUpdate":false,"showSkybox":true,"showFlares":false,"showImageEffects":false,"showParticleSystems":false},"in2DMode":false,"pivot":{"x":527.596923828125,"y":406.4970397949219,"z":36.78998565673828},"rotation":{"x":0.017493458464741708,"y":-0.2374078780412674,"z":0.004239483270794153,"w":0.9713173508644104},"size":810.7183227539063,"orthographic":true}