{"cameraMode":{"drawMode":0,"name":"Shaded","section":"Shading Mode"},"sceneLighting":true,"audioPlay":false,"sceneViewState":{"showFog":false,"showMaterialUpdate":false,"showSkybox":true,"showFlares":false,"showImageEffects":false,"showParticleSystems":false},"in2DMode":false,"pivot":{"x":2274.587646484375,"y":1775.752685546875,"z":18424.30078125},"rotation":{"x":-0.0955822765827179,"y":0.07489128410816193,"z":-0.007216723635792732,"w":-0.9925945997238159},"size":2434.149169921875,"orthographic":true}